user_id,name,email,country,username,age
1,Emily Johnson,emily.johnson@x.dummyjson.com,United States,emilys,28
2,Michael Williams,michael.williams@x.dummyjson.com,United States,michaelw,35
3,Sophia Brown,sophia.brown@x.dummyjson.com,United States,sophiab,42
4,James Davis,james.davis@x.dummyjson.com,United States,jamesd,45
5,Emma Miller,emma.miller@x.dummyjson.com,United States,emmaj,30
6,Olivia Wilson,olivia.wilson@x.dummyjson.com,United States,oliviaw,22
7,Alexander Jones,alexander.jones@x.dummyjson.com,United States,alexanderj,38
8,Ava Taylor,ava.taylor@x.dummyjson.com,United States,avat,27
9,Ethan Martinez,ethan.martinez@x.dummyjson.com,United States,ethanm,33
10,Isabella Anderson,isabella.anderson@x.dummyjson.com,United States,isabellad,31
11,Liam Garcia,liam.garcia@x.dummyjson.com,United States,liamg,29
12,Mia Rodriguez,mia.rodriguez@x.dummyjson.com,United States,miar,24
13,Noah Hernandez,noah.hernandez@x.dummyjson.com,United States,noahh,40
14,Charlotte Lopez,charlotte.lopez@x.dummyjson.com,United States,charlottem,36
15,William Gonzalez,william.gonzalez@x.dummyjson.com,United States,williamg,32
16,Avery Perez,avery.perez@x.dummyjson.com,United States,averyp,25
17,Evelyn Sanchez,evelyn.sanchez@x.dummyjson.com,United States,evelyns,37
18,Logan Torres,logan.torres@x.dummyjson.com,United States,logant,31
19,Abigail Rivera,abigail.rivera@x.dummyjson.com,United States,abigailr,28
20,Jackson Evans,jackson.evans@x.dummyjson.com,United States,jacksone,34
21,Madison Collins,madison.collins@x.dummyjson.com,United States,madisonc,26
22,Elijah Stewart,elijah.stewart@x.dummyjson.com,United States,elijahs,33
23,Chloe Morales,chloe.morales@x.dummyjson.com,United States,chloem,39
24,Mateo Nguyen,mateo.nguyen@x.dummyjson.com,United States,mateon,30
25,Harper Kelly,harper.kelly@x.dummyjson.com,United States,harpere,27
26,Evelyn Gonzalez,evelyn.gonzalez@x.dummyjson.com,United States,evelyng,35
27,Daniel Cook,daniel.cook@x.dummyjson.com,United States,danielc,41
28,Lily Lee,lily.lee@x.dummyjson.com,United States,lilyb,29
29,Henry Hill,henry.hill@x.dummyjson.com,United States,henryh,38
30,Addison Wright,addison.wright@x.dummyjson.com,United States,addisonw,32
